"name","sha","ahead","behind","class"
"origin","8ab4f84bdf15e560e53b0e834dd418128d7b3fcc","0","0","included"
"aegiron/android-companion","785419e6a953cce5a126baf872d77e79f8bf031c","35","863","unique"
"aegiron/anime-assets-v1","817983d51e8900f5efc74bbfac017ff342713ea0","10","899","unique"
"aegiron/camera-fileprovider-3.2.2","280e8fc29cff8cd66fadf75aba1abc1f6872441a","6","458","unique"
"aegiron/camera-visibility-3.2.3","85bef3f77dc329fb67893a9effdabc2429447b49","6","457","unique"
"aegiron/chat-attachments-3.2.4","e5745de7692a169b04fa71caa3a8514dc7b7eaeb","11","456","unique"
"aegiron/chat-composer-camera-3.2.1","2c9943fefd32212b02baae720fccf1ea4f13cc7c","8","459","unique"
"aegiron/curated-shop-v30","3dc3d7ea666255a439758fad72cb6427bed6a4ff","2","879","unique"
"aegiron/dynamic-motion-markers","78d48f08fd8a61c50ef72e5cd52855ef21319cc0","5","867","unique"
"aegiron/fix-hogar-launch","cf447a9024d98fadb320f18194f60b77915badf8","2","902","unique"
"aegiron/fix-map-js-syntax","2ca4105163a4fbc73c98d7045cff73e2aa7d9a4e","1","873","unique"
"aegiron/fix-pages-deploy","500c9de8f93b7937ca4d71fdd94883eb0fb60d0b","3","874","unique"
"aegiron/fix-pages-v26","06a78a7f713ca4b5fa33ef6f9ba23ec870c84c2c","2","883","unique"
"aegiron/fix-rpg-tiles-hud-v4","b63eb644b70c584835c079a2f57590493e9412dc","3","887","unique"
"aegiron/fix-shop-category-layout-v29","ba05b49a549d72936a5372b11abd3a9304994d35","2","880","unique"
"aegiron/free-assets-home-v1","5ab75b683c5741eadb74115117ebc5eacc30bcb9","6","897","unique"
"aegiron/full-theme-coverage","f0342c97f6eb6a4cc3c286b474d9e2d41511c0f9","2","907","unique"
"aegiron/galaxy-chat-core-3.2.0","157b817e6011df7988a6953a64e07cb748a64efe","36","460","unique"
"aegiron/galaxy-chat-premium-3.4.0","6679bfc496925f9ede8eec32c35c169233ba8558","0","412","included"
"aegiron/galaxy-chat-universe-3.5.0","4f6dcbdc74bc83b3a77e10c94c4e51bcbcd4fe54","0","361","included"
"aegiron/hogar-adventure-v2","dc5ddf77c369912525bc3bda26f2d9b920cd70b1","4","901","unique"
"aegiron/hogar-fullscreen-v3","d1f8b9391ba82c1b88a740a3cb40ecd312c21bad","4","900","unique"
"aegiron/home-clean-rebuild-v4","22aba1ff9dc9675ab5ea9dd1abc3c59d4dd72651","3","894","unique"
"aegiron/home-hotspot-hitbox-v5","a20cb8d55494df6754de062e59830a1cb6aebfc0","3","893","unique"
"aegiron/home-library-v28","8176ea8a1a70bdb23ca1507c50cfc24dfec099c9","4","881","unique"
"aegiron/home-rpg-own-theme-v5","9b49cc932b34f77e24c696c5fb4b6169082f1d3c","2","886","unique"
"aegiron/home-scale-fix-v3","d5839f68a34804ff2387e1fb5f7503629077b364","3","895","unique"
"aegiron/home-visual-overhaul-v2","2dd2ef721b1cb61cf471ef1755ba3238a28e6007","4","896","unique"
"aegiron/hotfix-chat-fk-indexes-3.1","6a0d828d42220ef14d622d39f358bb46c4734b5b","2","462","unique"
"aegiron/hotfix-chat-layout-3.1.1","a84915cbd8556c42879aa79644579ab03994143c","6","461","unique"
"aegiron/hotfix-map-gps-eta-3.0.2","cf96a3c62f33b2a5d7b4ee543d6f5f42a1f15103","9","464","unique"
"aegiron/hotfix-navigation-goals-ai-3.0.1","e797717bee248ada86b7a6da2069ffe13e1b094a","9","465","unique"
"aegiron/live-motion-speed","932d55d8ff1eb2dc79d52fcec489c724184826da","7","868","unique"
"aegiron/map-floating-statuses","f8aadb2d1b92f018d7168ece40227c30bf54fea5","4","870","unique"
"aegiron/map-floating-ui-lucide","d25b06964befe067608e0c4ee94252a8530a15ec","5","871","unique"
"aegiron/map-insights-privacy","b5e386e25d04a8cb4bba2382a0d1db1d0c6920e4","7","865","unique"
"aegiron/mega-update-3.0","ff7c0cec1a793cc4bcad4b69ebb72f2134bd12db","0","466","included"
"aegiron/mega-update-3.1-chat-notifications","4127dcdcb6088c641e514855c65283f9b81d99e2","55","463","unique"
"aegiron/music-player-v2","086b63c44d663631b56896197c3e7c4f355e51c1","8","904","unique"
"aegiron/nuestro-hogar-v1","6f1d886ce95832fa4f7970f6b2a8cb8a0c222296","4","903","unique"
"aegiron/nuestro-mapa-v1","7e48e3f4387eef31cf18f6a5458ca00b71222a03","13","876","unique"
"aegiron/nuestro-mapa-v2","db834095becac5b7e3d81c02534aa6107e32e897","6","872","unique"
"aegiron/panoramic-home-camera","f7a8b547fa64eb4bb11da8e698bde58106e3beb4","3","898","unique"
"aegiron/private-mobility-history","a749cf747a31039716974a290b3af0b73e050cb3","6","866","unique"
"aegiron/pulido-estabilidad","68eb4788650da1f7d6613e568ad960bf0f2c3d75","2","910","unique"
"aegiron/pwa-mobile","8890007588d543e3bbcfb1649d76909f134a28c5","6","909","unique"
"aegiron/qa-hardening-3.3.0","d0a06c96dc9d544fdcb5597997cd477e52048a4e","91","455","unique"
"aegiron/release-audit-hardening","c5b04cfa6207a73a0925e2e5285104db60d32d42","9","869","unique"
"aegiron/remove-home-game-v32","fc3efdae117c43b391a2ac371405fc6e5561ea26","6","877","unique"
"aegiron/roguelike-home-movement-v1","b9e4aa08d659fefaa88243ea8a8cf6269aa38856","3","890","unique"
"aegiron/roguelike-room-rebuild-v3","eccf7e84fc40f5d90498363d27f4282d837359d1","6","888","unique"
"aegiron/rpg-assets-clean-foundation","48d770a788086102108cc143171355d9b0cab455","4","892","unique"
"aegiron/rpg-catalog-mass-v7","2158d3df1961689c9634148c05b0bd1e2f3097a8","5","884","unique"
"aegiron/rpg-door-layout-v6","b62d188387ed93ab951b4594a9790d79698249d7","3","885","unique"
"aegiron/rpg-indoors-v1","3d5ef50900276ff3b8390470ad5e4761ee32729a","11","891","unique"
"aegiron/rpg-ui-clean-catalog-v2","7e4bf75c655c87d663354c9126d00ec3896a5d6d","13","889","unique"
"aegiron/semantic-home-catalog-v27","df30d8f389f197cb29c6fa806f3523646f719efd","2","882","unique"
"aegiron/shop-layout-cache-v31","293ee47f59dd8731ced70726e80e1dc6fd16f3c2","3","878","unique"
"aegiron/theme-engine","fc2d02e3ad4d9ad6a37fd629e988bb2ba462bcba","5","908","unique"
"aegiron/theme-leak-fix","6d4f4c69cfdf2919cb9cb7e57e61fc5bffc7f355","2","906","unique"
"aegiron/theme-system-v2","b4013a1019407ec288818d3300ce12b0d553b58d","3","905","unique"
"aegiron/universe-connected-suite","c34f9f9c5de1dbceb0d5bf3192dd2f2475717dfd","32","864","unique"
"chore/qa-phase-6-release-gates","63451f81a5e5a439714e1b8a4c65dc5f62188d24","0","306","included"
"dependabot/github_actions/actions/checkout-7","37daffea963a63e33288b332b35fd17f05767f5e","1","0","unique"
"dependabot/github_actions/actions/deploy-pages-5","87b9589841d4bb48926b912d819f45310b5b0ed8","1","454","unique"
"dependabot/github_actions/actions/setup-java-6","cde70d94a7257098f83916b52b660006844e7d1a","1","0","unique"
"dependabot/github_actions/actions/setup-node-7","fa8d4b61396d3a1e3e5ad9b75ac65a4af5fd6300","1","0","unique"
"dependabot/github_actions/gradle/actions-6","eb4ac42f7306c44f352ca04628741c103f699c5b","1","0","unique"
"dependabot/gradle/android/androidx.core-core-1.19.1","df42e1f4e7274951c7a34976b10666088deb7f3f","1","320","unique"
"dependabot/gradle/android/androidx.work-work-runtime-2.12.0","9cc6ae55305cc5b2352db3abfcce39ab4d0b66a4","1","86","unique"
"dependabot/gradle/android/com.android.application-9.4.1","77e1b2f09ac402fc6cfdd6253feff4809469f905","1","0","unique"
"desarrollo","8ab4f84bdf15e560e53b0e834dd418128d7b3fcc","0","0","included"
"feat/android-in-app-updater","afade0871c4391286e720da6b0c45f6449987b01","7","862","unique"
"feat/chat-4-phase-4-composer","682433035e0e8d298b2c78d03f3176f7c06c5398","0","128","included"
"feat/chat-4-phase-6-voice","c872ac1818ed4d49b17d1fbef91a88ae1248775f","0","80","included"
"feat/contemporary-galaxy","c67b9cdbb8518e449a8628d4b02ea5c9bfc187a9","1","860","unique"
"feat/couple-moments","6f7922ca8f044c9d1588c1e28847ef6f7f65e7cc","2","858","unique"
"feat/galaxy-chat-4.1-crown-jewel","68f9175b6cc7d00e9247050b59b18ff2a3d60f1e","0","37","included"
"feat/giphy-fcm-qa-integration","6684402489c69f91f5535f90ae756c92a93fc8f1","0","1","included"
"feature/android-mobile-1.4.0","5feedffa4357a081780f838eacbbf82bd1126ba2","18","856","unique"
"feature/android-super-update","e262e702bf3540cd33eaf60c1fe72bfaec02b82e","0","669","included"
"feature/android-super-upgrade-3.0","6a3b6ce114d06f7faa25f3ca1c0b014762b49f6e","0","643","included"
"feature/complete-universe-2-1","322bf6bab9e07d4ff400dadba38eff6ffc7b2272","22","790","unique"
"feature/universe-complete-2-1","abc7b6c728a3c6b2baa2c5a3180688fa27f89a4b","0","772","included"
"feature/voice-recorder-and-story-2-0","25ad8ae9347dad047810a3ad77cad244ea24f4a1","0","792","included"
"fix/android-mobile-quality-1.4.1","96ea809161de3c7e2ff5b7c993b3b3cba899a36c","30","855","unique"
"fix/android-startup-freeze","e5024f88bac945aa6b4dcad4dd2e27a260e07960","7","857","unique"
"fix/android-startup-splash","83a9def438b215c0c1af638caf5ae1e8c787c377","1","861","unique"
"fix/chat-4-phase-2-scroll-engine","a184f8fe88134afff73581196adf241424c72b9c","0","177","included"
"fix/map-progressive-loading","d290948672b587078a9b75d77a1c621999464473","1","859","unique"
"fix/phase0-logcat-flake","e94601a2a687023c4a37dec3f7f4dfb3c9a8878a","0","246","included"
"fix/qa-phase-0-privacy-boundaries","e3f951c269e0b90544e6b9bdb7c09987c40293d6","83","360","unique"
"fix/qa-phase-1-data-integrity","2cba240fc6df94a21eddfba3000c4de65649ed1d","88","359","unique"
"fix/qa-phase-2-chat-correctness","562e1b073b6b1ea25f8b3ccecb1849ee28e944b3","17","358","unique"
"fix/qa-phase-2-chat-correctness-history","c2d66ef335c69543b3a757c1f873f06418c66401","10","357","unique"
"fix/qa-phase-3-multimedia-android","1d08cd6954c4a5c36824aee00897bfa3282de015","20","356","unique"
"fix/qa-phase-4-performance","4f985141353e6dc0b374d1c31d41bfc8aadf2985","0","343","included"
"fix/rc-upgrade-shell","369a58a1cd605dfa29cbda08d355182f16a458b1","0","268","included"
"hotfix/android-2.2.2-memory-tabs-scroll","18f40b0e6a711e763e3109a6a924dea574331116","0","644","included"
"legacy/qa-android-2.2.1-polish","5ea9b4c4e89102693fdf8efbc14bbbc783dac8d0","0","649","included"
"legacy/qa-chat-4-phase-11-torture","e5442f54678b1f890ca1fdb5ed119ba58870ffc3","0","65","included"
"legacy/qa-phase-5-real-integration","184a127c13fa2849bb5f6c6ec1b48a92ea641551","0","321","included"
"legacy/regalo-galaxia-original","d517e0a505a8efd11376a1bb9b03d34996102b1d","0","914","included"
"main","8ab4f84bdf15e560e53b0e834dd418128d7b3fcc","0","0","included"
"perf/chat-4-phase-0-baseline","2c0ec99cb5806e8fb6507a72a2701918dabcdf50","0","248","included"
"perf/chat-4-phase-1-message-engine","39e56cc8be527aaf83c1e01c7dfcfe50c4c9578b","0","223","included"
"perf/chat-4-phase-10-android","569ffa726f71634b5bf36a6683c36313c40dc8c8","0","67","included"
"perf/chat-4-phase-3-delivery","0887ff78611ca3b9004db997e987b6c62b3a4561","0","157","included"
"perf/chat-4-phase-9-media","a90c527021550faea2c3937459d5fc1aab63bde8","0","70","included"
"prod","8ab4f84bdf15e560e53b0e834dd418128d7b3fcc","0","0","included"
"regalo-adri-experiencia","d517e0a505a8efd11376a1bb9b03d34996102b1d","0","914","included"
"release/galaxy-chat-4-supernova-rc","827792140976b57fb671c2f7950f9483ebec1309","0","63","included"
"release/galaxy-chat-post-qa-rc","533f8f4e38aec3c0161d9af74e2bdb52aee1c5a0","0","273","included"
